{
    "baseline": {
        "avg_f": 0.0,
        "avg_g": 0.19642857142857142,
        "avg_g_minus_f": 0.19642857142857142
    },
    "tinker://4e6681e5-4072-592f-9c0e-ed91247d41e5:train:0/weights/outputs_rl-leetcode_meta-llama_Llama-3.2-3B_f_g_Medium_checkpoint_000001": {
        "avg_f": 0.0,
        "avg_g": 0.16071428571428573,
        "avg_g_minus_f": 0.16071428571428573
    },
    "tinker://4e6681e5-4072-592f-9c0e-ed91247d41e5:train:0/weights/outputs_rl-leetcode_meta-llama_Llama-3.2-3B_f_g_Medium_checkpoint_000002": {
        "avg_f": 0.0,
        "avg_g": 0.29464285714285715,
        "avg_g_minus_f": 0.29464285714285715
    },
    "tinker://4e6681e5-4072-592f-9c0e-ed91247d41e5:train:0/weights/outputs_rl-leetcode_meta-llama_Llama-3.2-3B_f_g_Medium_checkpoint_000003": {
        "avg_f": 0.0,
        "avg_g": 0.24107142857142858,
        "avg_g_minus_f": 0.24107142857142858
    },
    "tinker://4e6681e5-4072-592f-9c0e-ed91247d41e5:train:0/weights/outputs_rl-leetcode_meta-llama_Llama-3.2-3B_f_g_Medium_checkpoint_000004": {
        "avg_f": 0.0,
        "avg_g": 0.16964285714285715,
        "avg_g_minus_f": 0.16964285714285715
    },
    "tinker://4e6681e5-4072-592f-9c0e-ed91247d41e5:train:0/weights/outputs_rl-leetcode_meta-llama_Llama-3.2-3B_f_g_Medium_checkpoint_000005": {
        "avg_f": 0.0,
        "avg_g": 0.19642857142857142,
        "avg_g_minus_f": 0.19642857142857142
    },
    "tinker://4e6681e5-4072-592f-9c0e-ed91247d41e5:train:0/weights/outputs_rl-leetcode_meta-llama_Llama-3.2-3B_f_g_Medium_checkpoint_000006": {
        "avg_f": 0.0,
        "avg_g": 0.20535714285714285,
        "avg_g_minus_f": 0.20535714285714285
    },
    "tinker://4e6681e5-4072-592f-9c0e-ed91247d41e5:train:0/weights/outputs_rl-leetcode_meta-llama_Llama-3.2-3B_f_g_Medium_checkpoint_000007": {
        "avg_f": 0.0,
        "avg_g": 0.3392857142857143,
        "avg_g_minus_f": 0.3392857142857143
    },
    "tinker://4e6681e5-4072-592f-9c0e-ed91247d41e5:train:0/weights/outputs_rl-leetcode_meta-llama_Llama-3.2-3B_f_g_Medium_checkpoint_000008": {
        "avg_f": 0.0,
        "avg_g": 0.26785714285714285,
        "avg_g_minus_f": 0.26785714285714285
    },
    "tinker://4e6681e5-4072-592f-9c0e-ed91247d41e5:train:0/weights/outputs_rl-leetcode_meta-llama_Llama-3.2-3B_f_g_Medium_checkpoint_000009": {
        "avg_f": 0.0,
        "avg_g": 0.22321428571428573,
        "avg_g_minus_f": 0.22321428571428573
    },
    "tinker://4e6681e5-4072-592f-9c0e-ed91247d41e5:train:0/weights/outputs_rl-leetcode_meta-llama_Llama-3.2-3B_f_g_Medium_checkpoint_000010": {
        "avg_f": 0.0,
        "avg_g": 0.21428571428571427,
        "avg_g_minus_f": 0.21428571428571427
    },
    "tinker://4e6681e5-4072-592f-9c0e-ed91247d41e5:train:0/weights/outputs_rl-leetcode_meta-llama_Llama-3.2-3B_f_g_Medium_checkpoint_000011": {
        "avg_f": 0.0,
        "avg_g": 0.3125,
        "avg_g_minus_f": 0.3125
    },
    "tinker://4e6681e5-4072-592f-9c0e-ed91247d41e5:train:0/weights/outputs_rl-leetcode_meta-llama_Llama-3.2-3B_f_g_Medium_checkpoint_000012": {
        "avg_f": 0.0,
        "avg_g": 0.25,
        "avg_g_minus_f": 0.25
    },
    "tinker://4e6681e5-4072-592f-9c0e-ed91247d41e5:train:0/weights/outputs_rl-leetcode_meta-llama_Llama-3.2-3B_f_g_Medium_checkpoint_000013": {
        "avg_f": 0.0,
        "avg_g": 0.375,
        "avg_g_minus_f": 0.375
    },
    "tinker://4e6681e5-4072-592f-9c0e-ed91247d41e5:train:0/weights/outputs_rl-leetcode_meta-llama_Llama-3.2-3B_f_g_Medium_checkpoint_000014": {
        "avg_f": 0.0,
        "avg_g": 0.30357142857142855,
        "avg_g_minus_f": 0.30357142857142855
    },
    "tinker://4e6681e5-4072-592f-9c0e-ed91247d41e5:train:0/weights/outputs_rl-leetcode_meta-llama_Llama-3.2-3B_f_g_Medium_checkpoint_000015": {
        "avg_f": 0.0,
        "avg_g": 0.25892857142857145,
        "avg_g_minus_f": 0.25892857142857145
    },
    "tinker://4e6681e5-4072-592f-9c0e-ed91247d41e5:train:0/weights/outputs_rl-leetcode_meta-llama_Llama-3.2-3B_f_g_Medium_checkpoint_000016": {
        "avg_f": 0.0,
        "avg_g": 0.35714285714285715,
        "avg_g_minus_f": 0.35714285714285715
    },
    "tinker://4e6681e5-4072-592f-9c0e-ed91247d41e5:train:0/weights/outputs_rl-leetcode_meta-llama_Llama-3.2-3B_f_g_Medium_checkpoint_000017": {
        "avg_f": 0.0,
        "avg_g": 0.4107142857142857,
        "avg_g_minus_f": 0.4107142857142857
    },
    "tinker://4e6681e5-4072-592f-9c0e-ed91247d41e5:train:0/weights/outputs_rl-leetcode_meta-llama_Llama-3.2-3B_f_g_Medium_checkpoint_000018": {
        "avg_f": 0.0,
        "avg_g": 0.41964285714285715,
        "avg_g_minus_f": 0.41964285714285715
    },
    "tinker://4e6681e5-4072-592f-9c0e-ed91247d41e5:train:0/weights/outputs_rl-leetcode_meta-llama_Llama-3.2-3B_f_g_Medium_checkpoint_000019": {
        "avg_f": 0.0,
        "avg_g": 0.39285714285714285,
        "avg_g_minus_f": 0.39285714285714285
    },
    "tinker://4e6681e5-4072-592f-9c0e-ed91247d41e5:train:0/weights/outputs_rl-leetcode_meta-llama_Llama-3.2-3B_f_g_Medium_checkpoint_000020": {
        "avg_f": 0.0,
        "avg_g": 0.42857142857142855,
        "avg_g_minus_f": 0.42857142857142855
    },
    "tinker://4e6681e5-4072-592f-9c0e-ed91247d41e5:train:0/weights/outputs_rl-leetcode_meta-llama_Llama-3.2-3B_f_g_Medium_checkpoint_000021": {
        "avg_f": 0.0,
        "avg_g": 0.48214285714285715,
        "avg_g_minus_f": 0.48214285714285715
    },
    "tinker://4e6681e5-4072-592f-9c0e-ed91247d41e5:train:0/weights/outputs_rl-leetcode_meta-llama_Llama-3.2-3B_f_g_Medium_checkpoint_000022": {
        "avg_f": 0.0,
        "avg_g": 0.38392857142857145,
        "avg_g_minus_f": 0.38392857142857145
    },
    "tinker://4e6681e5-4072-592f-9c0e-ed91247d41e5:train:0/weights/outputs_rl-leetcode_meta-llama_Llama-3.2-3B_f_g_Medium_checkpoint_000023": {
        "avg_f": 0.0,
        "avg_g": 0.41964285714285715,
        "avg_g_minus_f": 0.41964285714285715
    },
    "tinker://4e6681e5-4072-592f-9c0e-ed91247d41e5:train:0/weights/outputs_rl-leetcode_meta-llama_Llama-3.2-3B_f_g_Medium_checkpoint_000024": {
        "avg_f": 0.0,
        "avg_g": 0.49107142857142855,
        "avg_g_minus_f": 0.49107142857142855
    },
    "tinker://4e6681e5-4072-592f-9c0e-ed91247d41e5:train:0/weights/outputs_rl-leetcode_meta-llama_Llama-3.2-3B_f_g_Medium_checkpoint_000025": {
        "avg_f": 0.0,
        "avg_g": 0.4732142857142857,
        "avg_g_minus_f": 0.4732142857142857
    },
    "tinker://4e6681e5-4072-592f-9c0e-ed91247d41e5:train:0/weights/outputs_rl-leetcode_meta-llama_Llama-3.2-3B_f_g_Medium_checkpoint_000026": {
        "avg_f": 0.0,
        "avg_g": 0.5535714285714286,
        "avg_g_minus_f": 0.5535714285714286
    },
    "tinker://4e6681e5-4072-592f-9c0e-ed91247d41e5:train:0/weights/outputs_rl-leetcode_meta-llama_Llama-3.2-3B_f_g_Medium_checkpoint_000027": {
        "avg_f": 0.0,
        "avg_g": 0.6339285714285714,
        "avg_g_minus_f": 0.6339285714285714
    },
    "tinker://4e6681e5-4072-592f-9c0e-ed91247d41e5:train:0/weights/outputs_rl-leetcode_meta-llama_Llama-3.2-3B_f_g_Medium_checkpoint_000028": {
        "avg_f": 0.0,
        "avg_g": 0.5535714285714286,
        "avg_g_minus_f": 0.5535714285714286
    },
    "tinker://4e6681e5-4072-592f-9c0e-ed91247d41e5:train:0/weights/outputs_rl-leetcode_meta-llama_Llama-3.2-3B_f_g_Medium_checkpoint_000029": {
        "avg_f": 0.0,
        "avg_g": 0.5267857142857143,
        "avg_g_minus_f": 0.5267857142857143
    },
    "tinker://4e6681e5-4072-592f-9c0e-ed91247d41e5:train:0/weights/outputs_rl-leetcode_meta-llama_Llama-3.2-3B_f_g_Medium_checkpoint_000030": {
        "avg_f": 0.005357142857142857,
        "avg_g": 0.6339285714285714,
        "avg_g_minus_f": 0.6285714285714287
    },
    "tinker://4e6681e5-4072-592f-9c0e-ed91247d41e5:train:0/weights/outputs_rl-leetcode_meta-llama_Llama-3.2-3B_f_g_Medium_checkpoint_000031": {
        "avg_f": 0.0,
        "avg_g": 0.6875,
        "avg_g_minus_f": 0.6875
    },