{
    "avg_f": 0.0,
    "avg_g": 0.19642857142857142,
    "avg_g_minus_f": 0.19642857142857142
}