{
    "baseline": {
        "avg_f": 0.0,
        "avg_g": 0.20535714285714285,
        "avg_g_minus_f": 0.20535714285714285
    },
    "tinker://f12c4b10-008a-50ed-9773-8fe912a598cd:train:0/weights/outputs_rl-leetcode_meta-llama_Llama-3.2-3B_g_Medium_checkpoint_000001": {
        "avg_f": 0.0,
        "avg_g": 0.24107142857142858,
        "avg_g_minus_f": 0.24107142857142858
    },
    "tinker://f12c4b10-008a-50ed-9773-8fe912a598cd:train:0/weights/outputs_rl-leetcode_meta-llama_Llama-3.2-3B_g_Medium_checkpoint_000002": {
        "avg_f": 0.0,
        "avg_g": 0.16964285714285715,
        "avg_g_minus_f": 0.16964285714285715
    },
    "tinker://f12c4b10-008a-50ed-9773-8fe912a598cd:train:0/weights/outputs_rl-leetcode_meta-llama_Llama-3.2-3B_g_Medium_checkpoint_000003": {
        "avg_f": 0.0,
        "avg_g": 0.1875,
        "avg_g_minus_f": 0.1875
    },
    "tinker://f12c4b10-008a-50ed-9773-8fe912a598cd:train:0/weights/outputs_rl-leetcode_meta-llama_Llama-3.2-3B_g_Medium_checkpoint_000004": {
        "avg_f": 0.0008928571428571429,
        "avg_g": 0.22321428571428573,
        "avg_g_minus_f": 0.22232142857142856
    },
    "tinker://f12c4b10-008a-50ed-9773-8fe912a598cd:train:0/weights/outputs_rl-leetcode_meta-llama_Llama-3.2-3B_g_Medium_checkpoint_000005": {
        "avg_f": 0.0,
        "avg_g": 0.25,
        "avg_g_minus_f": 0.25
    },
    "tinker://f12c4b10-008a-50ed-9773-8fe912a598cd:train:0/weights/outputs_rl-leetcode_meta-llama_Llama-3.2-3B_g_Medium_checkpoint_000006": {
        "avg_f": 0.0,
        "avg_g": 0.24107142857142858,
        "avg_g_minus_f": 0.24107142857142858
    },
    "tinker://f12c4b10-008a-50ed-9773-8fe912a598cd:train:0/weights/outputs_rl-leetcode_meta-llama_Llama-3.2-3B_g_Medium_checkpoint_000007": {
        "avg_f": 0.0,
        "avg_g": 0.15178571428571427,
        "avg_g_minus_f": 0.15178571428571427
    },
    "tinker://f12c4b10-008a-50ed-9773-8fe912a598cd:train:0/weights/outputs_rl-leetcode_meta-llama_Llama-3.2-3B_g_Medium_checkpoint_000008": {
        "avg_f": 0.0,
        "avg_g": 0.24107142857142858,
        "avg_g_minus_f": 0.24107142857142858
    },
    "tinker://f12c4b10-008a-50ed-9773-8fe912a598cd:train:0/weights/outputs_rl-leetcode_meta-llama_Llama-3.2-3B_g_Medium_checkpoint_000009": {
        "avg_f": 0.0,
        "avg_g": 0.2767857142857143,
        "avg_g_minus_f": 0.2767857142857143
    },
    "tinker://f12c4b10-008a-50ed-9773-8fe912a598cd:train:0/weights/outputs_rl-leetcode_meta-llama_Llama-3.2-3B_g_Medium_checkpoint_000010": {
        "avg_f": 0.0,
        "avg_g": 0.32142857142857145,
        "avg_g_minus_f": 0.32142857142857145
    },
    "tinker://f12c4b10-008a-50ed-9773-8fe912a598cd:train:0/weights/outputs_rl-leetcode_meta-llama_Llama-3.2-3B_g_Medium_checkpoint_000011": {
        "avg_f": 0.0,
        "avg_g": 0.1875,
        "avg_g_minus_f": 0.1875
    },
    "tinker://f12c4b10-008a-50ed-9773-8fe912a598cd:train:0/weights/outputs_rl-leetcode_meta-llama_Llama-3.2-3B_g_Medium_checkpoint_000012": {
        "avg_f": 0.0,
        "avg_g": 0.26785714285714285,
        "avg_g_minus_f": 0.26785714285714285
    },
    "tinker://f12c4b10-008a-50ed-9773-8fe912a598cd:train:0/weights/outputs_rl-leetcode_meta-llama_Llama-3.2-3B_g_Medium_checkpoint_000013": {
        "avg_f": 0.0,
        "avg_g": 0.33035714285714285,
        "avg_g_minus_f": 0.33035714285714285
    },
    "tinker://f12c4b10-008a-50ed-9773-8fe912a598cd:train:0/weights/outputs_rl-leetcode_meta-llama_Llama-3.2-3B_g_Medium_checkpoint_000014": {
        "avg_f": 0.0,
        "avg_g": 0.39285714285714285,
        "avg_g_minus_f": 0.39285714285714285
    },
    "tinker://f12c4b10-008a-50ed-9773-8fe912a598cd:train:0/weights/outputs_rl-leetcode_meta-llama_Llama-3.2-3B_g_Medium_checkpoint_000015": {
        "avg_f": 0.0,
        "avg_g": 0.30357142857142855,
        "avg_g_minus_f": 0.30357142857142855
    },
    "tinker://f12c4b10-008a-50ed-9773-8fe912a598cd:train:0/weights/outputs_rl-leetcode_meta-llama_Llama-3.2-3B_g_Medium_checkpoint_000016": {
        "avg_f": 0.0,
        "avg_g": 0.19642857142857142,
        "avg_g_minus_f": 0.19642857142857142
    },
    "tinker://f12c4b10-008a-50ed-9773-8fe912a598cd:train:0/weights/outputs_rl-leetcode_meta-llama_Llama-3.2-3B_g_Medium_checkpoint_000017": {
        "avg_f": 0.0,
        "avg_g": 0.39285714285714285,
        "avg_g_minus_f": 0.39285714285714285
    },
    "tinker://f12c4b10-008a-50ed-9773-8fe912a598cd:train:0/weights/outputs_rl-leetcode_meta-llama_Llama-3.2-3B_g_Medium_checkpoint_000018": {
        "avg_f": 0.0,
        "avg_g": 0.32142857142857145,
        "avg_g_minus_f": 0.32142857142857145
    },
    "tinker://f12c4b10-008a-50ed-9773-8fe912a598cd:train:0/weights/outputs_rl-leetcode_meta-llama_Llama-3.2-3B_g_Medium_checkpoint_000019": {
        "avg_f": 0.0,
        "avg_g": 0.33035714285714285,
        "avg_g_minus_f": 0.33035714285714285
    },
    "tinker://f12c4b10-008a-50ed-9773-8fe912a598cd:train:0/weights/outputs_rl-leetcode_meta-llama_Llama-3.2-3B_g_Medium_checkpoint_000020": {
        "avg_f": 0.0,
        "avg_g": 0.33035714285714285,
        "avg_g_minus_f": 0.33035714285714285
    },
    "tinker://f12c4b10-008a-50ed-9773-8fe912a598cd:train:0/weights/outputs_rl-leetcode_meta-llama_Llama-3.2-3B_g_Medium_checkpoint_000021": {
        "avg_f": 0.0017857142857142859,
        "avg_g": 0.41964285714285715,
        "avg_g_minus_f": 0.4178571428571428
    },
    "tinker://f12c4b10-008a-50ed-9773-8fe912a598cd:train:0/weights/outputs_rl-leetcode_meta-llama_Llama-3.2-3B_g_Medium_checkpoint_000022": {
        "avg_f": 0.0,
        "avg_g": 0.44642857142857145,
        "avg_g_minus_f": 0.44642857142857145
    },
    "tinker://f12c4b10-008a-50ed-9773-8fe912a598cd:train:0/weights/outputs_rl-leetcode_meta-llama_Llama-3.2-3B_g_Medium_checkpoint_000023": {
        "avg_f": 0.0,
        "avg_g": 0.49107142857142855,
        "avg_g_minus_f": 0.49107142857142855
    },
    "tinker://f12c4b10-008a-50ed-9773-8fe912a598cd:train:0/weights/outputs_rl-leetcode_meta-llama_Llama-3.2-3B_g_Medium_checkpoint_000024": {
        "avg_f": 0.0,
        "avg_g": 0.5178571428571429,
        "avg_g_minus_f": 0.5178571428571429
    },
    "tinker://f12c4b10-008a-50ed-9773-8fe912a598cd:train:0/weights/outputs_rl-leetcode_meta-llama_Llama-3.2-3B_g_Medium_checkpoint_000025": {
        "avg_f": 0.0,
        "avg_g": 0.5267857142857143,
        "avg_g_minus_f": 0.5267857142857143
    },
    "tinker://f12c4b10-008a-50ed-9773-8fe912a598cd:train:0/weights/outputs_rl-leetcode_meta-llama_Llama-3.2-3B_g_Medium_checkpoint_000026": {
        "avg_f": 0.0,
        "avg_g": 0.5714285714285714,
        "avg_g_minus_f": 0.5714285714285714
    },
    "tinker://f12c4b10-008a-50ed-9773-8fe912a598cd:train:0/weights/outputs_rl-leetcode_meta-llama_Llama-3.2-3B_g_Medium_checkpoint_000027": {
        "avg_f": 0.0,
        "avg_g": 0.5446428571428571,
        "avg_g_minus_f": 0.5446428571428571
    },
    "tinker://f12c4b10-008a-50ed-9773-8fe912a598cd:train:0/weights/outputs_rl-leetcode_meta-llama_Llama-3.2-3B_g_Medium_checkpoint_000028": {
        "avg_f": 0.0,
        "avg_g": 0.6785714285714286,
        "avg_g_minus_f": 0.6785714285714286
    },
    "tinker://f12c4b10-008a-50ed-9773-8fe912a598cd:train:0/weights/outputs_rl-leetcode_meta-llama_Llama-3.2-3B_g_Medium_checkpoint_000029": {
        "avg_f": 0.0,
        "avg_g": 0.5625,
        "avg_g_minus_f": 0.5625
    },
    "tinker://f12c4b10-008a-50ed-9773-8fe912a598cd:train:0/weights/outputs_rl-leetcode_meta-llama_Llama-3.2-3B_g_Medium_checkpoint_000030": {
        "avg_f": 0.0,
        "avg_g": 0.5982142857142857,
        "avg_g_minus_f": 0.5982142857142857
    },
    "tinker://f12c4b10-008a-50ed-9773-8fe912a598cd:train:0/weights/outputs_rl-leetcode_meta-llama_Llama-3.2-3B_g_Medium_checkpoint_000031": {
        "avg_f": 0.0,
        "avg_g": 0.6428571428571429,
        "avg_g_minus_f": 0.6428571428571429
    },