{
    "avg_f": 0.0,
    "avg_g": 0.20535714285714285,
    "avg_g_minus_f": 0.20535714285714285
}