{
    "avg_f": 0.0026785714285714286,
    "avg_g": 0.2857142857142857,
    "avg_g_minus_f": 0.2830357142857143
}