{
    "baseline": {
        "avg_f": 0.0,
        "avg_g": 0.1875,
        "avg_g_minus_f": 0.1875
    },
    "tinker://8f79a417-4bc7-58f1-8a19-0d702050d4ec:train:0/weights/outputs_rl-leetcode_meta-llama_Llama-3.2-3B_g_Hard_checkpoint_000001": {
        "avg_f": 0.0,
        "avg_g": 0.25892857142857145,
        "avg_g_minus_f": 0.25892857142857145
    },
    "tinker://8f79a417-4bc7-58f1-8a19-0d702050d4ec:train:0/weights/outputs_rl-leetcode_meta-llama_Llama-3.2-3B_g_Hard_checkpoint_000002": {
        "avg_f": 0.0026785714285714286,
        "avg_g": 0.21428571428571427,
        "avg_g_minus_f": 0.21160714285714285
    },
    "tinker://8f79a417-4bc7-58f1-8a19-0d702050d4ec:train:0/weights/outputs_rl-leetcode_meta-llama_Llama-3.2-3B_g_Hard_checkpoint_000003": {
        "avg_f": 0.0,
        "avg_g": 0.22321428571428573,
        "avg_g_minus_f": 0.22321428571428573
    },
    "tinker://8f79a417-4bc7-58f1-8a19-0d702050d4ec:train:0/weights/outputs_rl-leetcode_meta-llama_Llama-3.2-3B_g_Hard_checkpoint_000004": {
        "avg_f": 0.0,
        "avg_g": 0.23214285714285715,
        "avg_g_minus_f": 0.23214285714285715
    },
    "tinker://8f79a417-4bc7-58f1-8a19-0d702050d4ec:train:0/weights/outputs_rl-leetcode_meta-llama_Llama-3.2-3B_g_Hard_checkpoint_000005": {
        "avg_f": 0.0,
        "avg_g": 0.19642857142857142,
        "avg_g_minus_f": 0.19642857142857142
    },
    "tinker://8f79a417-4bc7-58f1-8a19-0d702050d4ec:train:0/weights/outputs_rl-leetcode_meta-llama_Llama-3.2-3B_g_Hard_checkpoint_000006": {
        "avg_f": 0.0,
        "avg_g": 0.17857142857142858,
        "avg_g_minus_f": 0.17857142857142858
    },
    "tinker://8f79a417-4bc7-58f1-8a19-0d702050d4ec:train:0/weights/outputs_rl-leetcode_meta-llama_Llama-3.2-3B_g_Hard_checkpoint_000007": {
        "avg_f": 0.0,
        "avg_g": 0.2767857142857143,
        "avg_g_minus_f": 0.2767857142857143
    },
    "tinker://8f79a417-4bc7-58f1-8a19-0d702050d4ec:train:0/weights/outputs_rl-leetcode_meta-llama_Llama-3.2-3B_g_Hard_checkpoint_000008": {
        "avg_f": 0.0026785714285714286,
        "avg_g": 0.23214285714285715,
        "avg_g_minus_f": 0.2294642857142857
    },
    "tinker://8f79a417-4bc7-58f1-8a19-0d702050d4ec:train:0/weights/outputs_rl-leetcode_meta-llama_Llama-3.2-3B_g_Hard_checkpoint_000009": {
        "avg_f": 0.0,
        "avg_g": 0.20535714285714285,
        "avg_g_minus_f": 0.20535714285714285
    },
    "tinker://8f79a417-4bc7-58f1-8a19-0d702050d4ec:train:0/weights/outputs_rl-leetcode_meta-llama_Llama-3.2-3B_g_Hard_checkpoint_000010": {
        "avg_f": 0.0,
        "avg_g": 0.24107142857142858,
        "avg_g_minus_f": 0.24107142857142858
    },
    "tinker://8f79a417-4bc7-58f1-8a19-0d702050d4ec:train:0/weights/outputs_rl-leetcode_meta-llama_Llama-3.2-3B_g_Hard_checkpoint_000011": {
        "avg_f": 0.0026785714285714286,
        "avg_g": 0.22321428571428573,
        "avg_g_minus_f": 0.22053571428571428
    },
    "tinker://8f79a417-4bc7-58f1-8a19-0d702050d4ec:train:0/weights/outputs_rl-leetcode_meta-llama_Llama-3.2-3B_g_Hard_checkpoint_000012": {
        "avg_f": 0.0,
        "avg_g": 0.3125,
        "avg_g_minus_f": 0.3125
    },
    "tinker://8f79a417-4bc7-58f1-8a19-0d702050d4ec:train:0/weights/outputs_rl-leetcode_meta-llama_Llama-3.2-3B_g_Hard_checkpoint_000013": {
        "avg_f": 0.0026785714285714286,
        "avg_g": 0.2857142857142857,
        "avg_g_minus_f": 0.2830357142857143
    },
    "tinker://8f79a417-4bc7-58f1-8a19-0d702050d4ec:train:0/weights/outputs_rl-leetcode_meta-llama_Llama-3.2-3B_g_Hard_checkpoint_000014": {
        "avg_f": 0.0,
        "avg_g": 0.23214285714285715,
        "avg_g_minus_f": 0.23214285714285715
    },
    "tinker://8f79a417-4bc7-58f1-8a19-0d702050d4ec:train:0/weights/outputs_rl-leetcode_meta-llama_Llama-3.2-3B_g_Hard_checkpoint_000015": {
        "avg_f": 0.0,
        "avg_g": 0.33035714285714285,
        "avg_g_minus_f": 0.33035714285714285
    },
    "tinker://8f79a417-4bc7-58f1-8a19-0d702050d4ec:train:0/weights/outputs_rl-leetcode_meta-llama_Llama-3.2-3B_g_Hard_checkpoint_000016": {
        "avg_f": 0.0,
        "avg_g": 0.30357142857142855,
        "avg_g_minus_f": 0.30357142857142855
    },
    "tinker://8f79a417-4bc7-58f1-8a19-0d702050d4ec:train:0/weights/outputs_rl-leetcode_meta-llama_Llama-3.2-3B_g_Hard_checkpoint_000017": {
        "avg_f": 0.0,
        "avg_g": 0.3392857142857143,
        "avg_g_minus_f": 0.3392857142857143
    },
    "tinker://8f79a417-4bc7-58f1-8a19-0d702050d4ec:train:0/weights/outputs_rl-leetcode_meta-llama_Llama-3.2-3B_g_Hard_checkpoint_000018": {
        "avg_f": 0.0,
        "avg_g": 0.2857142857142857,
        "avg_g_minus_f": 0.2857142857142857
    },
    "tinker://8f79a417-4bc7-58f1-8a19-0d702050d4ec:train:0/weights/outputs_rl-leetcode_meta-llama_Llama-3.2-3B_g_Hard_checkpoint_000019": {
        "avg_f": 0.0,
        "avg_g": 0.25892857142857145,
        "avg_g_minus_f": 0.25892857142857145
    },
    "tinker://8f79a417-4bc7-58f1-8a19-0d702050d4ec:train:0/weights/outputs_rl-leetcode_meta-llama_Llama-3.2-3B_g_Hard_checkpoint_000020": {
        "avg_f": 0.0,
        "avg_g": 0.32142857142857145,
        "avg_g_minus_f": 0.32142857142857145
    },
    "tinker://8f79a417-4bc7-58f1-8a19-0d702050d4ec:train:0/weights/outputs_rl-leetcode_meta-llama_Llama-3.2-3B_g_Hard_checkpoint_000021": {
        "avg_f": 0.0026785714285714286,
        "avg_g": 0.41964285714285715,
        "avg_g_minus_f": 0.41696428571428573
    },
    "tinker://8f79a417-4bc7-58f1-8a19-0d702050d4ec:train:0/weights/outputs_rl-leetcode_meta-llama_Llama-3.2-3B_g_Hard_checkpoint_000022": {
        "avg_f": 0.0,
        "avg_g": 0.4107142857142857,
        "avg_g_minus_f": 0.4107142857142857
    },
    "tinker://8f79a417-4bc7-58f1-8a19-0d702050d4ec:train:0/weights/outputs_rl-leetcode_meta-llama_Llama-3.2-3B_g_Hard_checkpoint_000023": {
        "avg_f": 0.0026785714285714286,
        "avg_g": 0.45535714285714285,
        "avg_g_minus_f": 0.45267857142857143
    },
    "tinker://8f79a417-4bc7-58f1-8a19-0d702050d4ec:train:0/weights/outputs_rl-leetcode_meta-llama_Llama-3.2-3B_g_Hard_checkpoint_000024": {
        "avg_f": 0.0026785714285714286,
        "avg_g": 0.48214285714285715,
        "avg_g_minus_f": 0.47946428571428573
    },
    "tinker://8f79a417-4bc7-58f1-8a19-0d702050d4ec:train:0/weights/outputs_rl-leetcode_meta-llama_Llama-3.2-3B_g_Hard_checkpoint_000025": {
        "avg_f": 0.0,
        "avg_g": 0.38392857142857145,
        "avg_g_minus_f": 0.38392857142857145
    },
    "tinker://8f79a417-4bc7-58f1-8a19-0d702050d4ec:train:0/weights/outputs_rl-leetcode_meta-llama_Llama-3.2-3B_g_Hard_checkpoint_000026": {
        "avg_f": 0.0026785714285714286,
        "avg_g": 0.48214285714285715,
        "avg_g_minus_f": 0.47946428571428573
    },
    "tinker://8f79a417-4bc7-58f1-8a19-0d702050d4ec:train:0/weights/outputs_rl-leetcode_meta-llama_Llama-3.2-3B_g_Hard_checkpoint_000027": {
        "avg_f": 0.0026785714285714286,
        "avg_g": 0.5714285714285714,
        "avg_g_minus_f": 0.56875
    },
    "tinker://8f79a417-4bc7-58f1-8a19-0d702050d4ec:train:0/weights/outputs_rl-leetcode_meta-llama_Llama-3.2-3B_g_Hard_checkpoint_000028": {
        "avg_f": 0.0026785714285714286,
        "avg_g": 0.49107142857142855,
        "avg_g_minus_f": 0.4883928571428572
    },
    "tinker://8f79a417-4bc7-58f1-8a19-0d702050d4ec:train:0/weights/outputs_rl-leetcode_meta-llama_Llama-3.2-3B_g_Hard_checkpoint_000029": {
        "avg_f": 0.0026785714285714286,
        "avg_g": 0.5535714285714286,
        "avg_g_minus_f": 0.5508928571428572
    },
    "tinker://8f79a417-4bc7-58f1-8a19-0d702050d4ec:train:0/weights/outputs_rl-leetcode_meta-llama_Llama-3.2-3B_g_Hard_checkpoint_000030": {
        "avg_f": 0.005357142857142857,
        "avg_g": 0.6160714285714286,
        "avg_g_minus_f": 0.6107142857142858
    },