{
    "baseline": {
        "avg_f": 0.0,
        "avg_g": 0.21428571428571427,
        "avg_g_minus_f": 0.21428571428571427
    },
    "tinker://a10ce0fa-f621-5703-acff-e1f1edac69d8:train:0/weights/outputs_rl-leetcode_meta-llama_Llama-3.2-3B_g_Easy_checkpoint_000001": {
        "avg_f": 0.0,
        "avg_g": 0.20535714285714285,
        "avg_g_minus_f": 0.20535714285714285
    }
}