{
    "baseline": {
        "avg_f": 0.0,
        "avg_g": 0.22321428571428573,
        "avg_g_minus_f": 0.22321428571428573
    },
    "tinker://8e5aa4dd-84bf-5592-bca4-6d5cf795c9e3:train:0/weights/outputs_rl-leetcode_meta-llama_Llama-3.2-3B_f_g_Hard_checkpoint_000001": {
        "avg_f": 0.0026785714285714286,
        "avg_g": 0.21428571428571427,
        "avg_g_minus_f": 0.21160714285714285
    },
    "tinker://8e5aa4dd-84bf-5592-bca4-6d5cf795c9e3:train:0/weights/outputs_rl-leetcode_meta-llama_Llama-3.2-3B_f_g_Hard_checkpoint_000002": {
        "avg_f": 0.0,
        "avg_g": 0.25892857142857145,
        "avg_g_minus_f": 0.25892857142857145
    },
    "tinker://8e5aa4dd-84bf-5592-bca4-6d5cf795c9e3:train:0/weights/outputs_rl-leetcode_meta-llama_Llama-3.2-3B_f_g_Hard_checkpoint_000003": {
        "avg_f": 0.0,
        "avg_g": 0.125,
        "avg_g_minus_f": 0.125
    },
    "tinker://8e5aa4dd-84bf-5592-bca4-6d5cf795c9e3:train:0/weights/outputs_rl-leetcode_meta-llama_Llama-3.2-3B_f_g_Hard_checkpoint_000004": {
        "avg_f": 0.0,
        "avg_g": 0.2857142857142857,
        "avg_g_minus_f": 0.2857142857142857
    },
    "tinker://8e5aa4dd-84bf-5592-bca4-6d5cf795c9e3:train:0/weights/outputs_rl-leetcode_meta-llama_Llama-3.2-3B_f_g_Hard_checkpoint_000005": {
        "avg_f": 0.0,
        "avg_g": 0.26785714285714285,
        "avg_g_minus_f": 0.26785714285714285
    },
    "tinker://8e5aa4dd-84bf-5592-bca4-6d5cf795c9e3:train:0/weights/outputs_rl-leetcode_meta-llama_Llama-3.2-3B_f_g_Hard_checkpoint_000006": {
        "avg_f": 0.0026785714285714286,
        "avg_g": 0.20535714285714285,
        "avg_g_minus_f": 0.20267857142857143
    },
    "tinker://8e5aa4dd-84bf-5592-bca4-6d5cf795c9e3:train:0/weights/outputs_rl-leetcode_meta-llama_Llama-3.2-3B_f_g_Hard_checkpoint_000007": {
        "avg_f": 0.005357142857142857,
        "avg_g": 0.22321428571428573,
        "avg_g_minus_f": 0.21785714285714283
    },
    "tinker://8e5aa4dd-84bf-5592-bca4-6d5cf795c9e3:train:0/weights/outputs_rl-leetcode_meta-llama_Llama-3.2-3B_f_g_Hard_checkpoint_000008": {
        "avg_f": 0.0,
        "avg_g": 0.25892857142857145,
        "avg_g_minus_f": 0.25892857142857145
    },
    "tinker://8e5aa4dd-84bf-5592-bca4-6d5cf795c9e3:train:0/weights/outputs_rl-leetcode_meta-llama_Llama-3.2-3B_f_g_Hard_checkpoint_000009": {
        "avg_f": 0.0,
        "avg_g": 0.1875,
        "avg_g_minus_f": 0.1875
    },
    "tinker://8e5aa4dd-84bf-5592-bca4-6d5cf795c9e3:train:0/weights/outputs_rl-leetcode_meta-llama_Llama-3.2-3B_f_g_Hard_checkpoint_000010": {
        "avg_f": 0.0,
        "avg_g": 0.30357142857142855,
        "avg_g_minus_f": 0.30357142857142855
    },
    "tinker://8e5aa4dd-84bf-5592-bca4-6d5cf795c9e3:train:0/weights/outputs_rl-leetcode_meta-llama_Llama-3.2-3B_f_g_Hard_checkpoint_000011": {
        "avg_f": 0.0,
        "avg_g": 0.1875,
        "avg_g_minus_f": 0.1875
    },
    "tinker://8e5aa4dd-84bf-5592-bca4-6d5cf795c9e3:train:0/weights/outputs_rl-leetcode_meta-llama_Llama-3.2-3B_f_g_Hard_checkpoint_000012": {
        "avg_f": 0.0,
        "avg_g": 0.29464285714285715,
        "avg_g_minus_f": 0.29464285714285715
    },
    "tinker://8e5aa4dd-84bf-5592-bca4-6d5cf795c9e3:train:0/weights/outputs_rl-leetcode_meta-llama_Llama-3.2-3B_f_g_Hard_checkpoint_000013": {
        "avg_f": 0.0026785714285714286,
        "avg_g": 0.375,
        "avg_g_minus_f": 0.3723214285714286
    },
    "tinker://8e5aa4dd-84bf-5592-bca4-6d5cf795c9e3:train:0/weights/outputs_rl-leetcode_meta-llama_Llama-3.2-3B_f_g_Hard_checkpoint_000014": {
        "avg_f": 0.004464285714285714,
        "avg_g": 0.22321428571428573,
        "avg_g_minus_f": 0.21875
    },
    "tinker://8e5aa4dd-84bf-5592-bca4-6d5cf795c9e3:train:0/weights/outputs_rl-leetcode_meta-llama_Llama-3.2-3B_f_g_Hard_checkpoint_000015": {
        "avg_f": 0.0,
        "avg_g": 0.3125,
        "avg_g_minus_f": 0.3125
    },
    "tinker://8e5aa4dd-84bf-5592-bca4-6d5cf795c9e3:train:0/weights/outputs_rl-leetcode_meta-llama_Llama-3.2-3B_f_g_Hard_checkpoint_000016": {
        "avg_f": 0.0035714285714285718,
        "avg_g": 0.3125,
        "avg_g_minus_f": 0.30892857142857144
    },
    "tinker://8e5aa4dd-84bf-5592-bca4-6d5cf795c9e3:train:0/weights/outputs_rl-leetcode_meta-llama_Llama-3.2-3B_f_g_Hard_checkpoint_000017": {
        "avg_f": 0.0,
        "avg_g": 0.3482142857142857,
        "avg_g_minus_f": 0.3482142857142857
    },
    "tinker://8e5aa4dd-84bf-5592-bca4-6d5cf795c9e3:train:0/weights/outputs_rl-leetcode_meta-llama_Llama-3.2-3B_f_g_Hard_checkpoint_000018": {
        "avg_f": 0.0035714285714285718,
        "avg_g": 0.36607142857142855,
        "avg_g_minus_f": 0.36249999999999993
    },
    "tinker://8e5aa4dd-84bf-5592-bca4-6d5cf795c9e3:train:0/weights/outputs_rl-leetcode_meta-llama_Llama-3.2-3B_f_g_Hard_checkpoint_000019": {
        "avg_f": 0.0026785714285714286,
        "avg_g": 0.3392857142857143,
        "avg_g_minus_f": 0.3366071428571429
    },
    "tinker://8e5aa4dd-84bf-5592-bca4-6d5cf795c9e3:train:0/weights/outputs_rl-leetcode_meta-llama_Llama-3.2-3B_f_g_Hard_checkpoint_000020": {
        "avg_f": 0.005357142857142857,
        "avg_g": 0.375,
        "avg_g_minus_f": 0.3696428571428571
    },
    "tinker://8e5aa4dd-84bf-5592-bca4-6d5cf795c9e3:train:0/weights/outputs_rl-leetcode_meta-llama_Llama-3.2-3B_f_g_Hard_checkpoint_000021": {
        "avg_f": 0.0026785714285714286,
        "avg_g": 0.42857142857142855,
        "avg_g_minus_f": 0.4258928571428572
    },
    "tinker://8e5aa4dd-84bf-5592-bca4-6d5cf795c9e3:train:0/weights/outputs_rl-leetcode_meta-llama_Llama-3.2-3B_f_g_Hard_checkpoint_000022": {
        "avg_f": 0.0,
        "avg_g": 0.33035714285714285,
        "avg_g_minus_f": 0.33035714285714285
    },
    "tinker://8e5aa4dd-84bf-5592-bca4-6d5cf795c9e3:train:0/weights/outputs_rl-leetcode_meta-llama_Llama-3.2-3B_f_g_Hard_checkpoint_000023": {
        "avg_f": 0.0,
        "avg_g": 0.45535714285714285,
        "avg_g_minus_f": 0.45535714285714285
    },
    "tinker://8e5aa4dd-84bf-5592-bca4-6d5cf795c9e3:train:0/weights/outputs_rl-leetcode_meta-llama_Llama-3.2-3B_f_g_Hard_checkpoint_000024": {
        "avg_f": 0.0,
        "avg_g": 0.4107142857142857,
        "avg_g_minus_f": 0.4107142857142857
    },
    "tinker://8e5aa4dd-84bf-5592-bca4-6d5cf795c9e3:train:0/weights/outputs_rl-leetcode_meta-llama_Llama-3.2-3B_f_g_Hard_checkpoint_000025": {
        "avg_f": 0.0026785714285714286,
        "avg_g": 0.5267857142857143,
        "avg_g_minus_f": 0.5241071428571429
    },
    "tinker://8e5aa4dd-84bf-5592-bca4-6d5cf795c9e3:train:0/weights/outputs_rl-leetcode_meta-llama_Llama-3.2-3B_f_g_Hard_checkpoint_000026": {
        "avg_f": 0.0,
        "avg_g": 0.5714285714285714,
        "avg_g_minus_f": 0.5714285714285714
    },
    "tinker://8e5aa4dd-84bf-5592-bca4-6d5cf795c9e3:train:0/weights/outputs_rl-leetcode_meta-llama_Llama-3.2-3B_f_g_Hard_checkpoint_000027": {
        "avg_f": 0.0026785714285714286,
        "avg_g": 0.5267857142857143,
        "avg_g_minus_f": 0.5241071428571429
    },
    "tinker://8e5aa4dd-84bf-5592-bca4-6d5cf795c9e3:train:0/weights/outputs_rl-leetcode_meta-llama_Llama-3.2-3B_f_g_Hard_checkpoint_000028": {
        "avg_f": 0.0026785714285714286,
        "avg_g": 0.5446428571428571,
        "avg_g_minus_f": 0.5419642857142858
    },
    "tinker://8e5aa4dd-84bf-5592-bca4-6d5cf795c9e3:train:0/weights/outputs_rl-leetcode_meta-llama_Llama-3.2-3B_f_g_Hard_checkpoint_000029": {
        "avg_f": 0.005357142857142857,
        "avg_g": 0.5892857142857143,
        "avg_g_minus_f": 0.5839285714285715
    },
    "tinker://8e5aa4dd-84bf-5592-bca4-6d5cf795c9e3:train:0/weights/outputs_rl-leetcode_meta-llama_Llama-3.2-3B_f_g_Hard_checkpoint_000030": {
        "avg_f": 0.0026785714285714286,
        "avg_g": 0.6071428571428571,
        "avg_g_minus_f": 0.6044642857142858
    },