{
    "avg_f": 0.0,
    "avg_g": 0.22321428571428573,
    "avg_g_minus_f": 0.22321428571428573
}