{
    "baseline": {
        "avg_f": 0.0,
        "avg_g": 0.21428571428571427,
        "avg_g_minus_f": 0.21428571428571427
    },
    "tinker://2cca2f65-b566-5e48-9f29-9fc6170edffe:train:0/weights/outputs_rl-leetcode_meta-llama_Llama-3.2-3B_100f_g_Medium_checkpoint_000001": {
        "avg_f": 0.0008928571428571429,
        "avg_g": 0.22321428571428573,
        "avg_g_minus_f": 0.22232142857142856
    },
    "tinker://2cca2f65-b566-5e48-9f29-9fc6170edffe:train:0/weights/outputs_rl-leetcode_meta-llama_Llama-3.2-3B_100f_g_Medium_checkpoint_000002": {
        "avg_f": 0.0,
        "avg_g": 0.17857142857142858,
        "avg_g_minus_f": 0.17857142857142858
    },
    "tinker://2cca2f65-b566-5e48-9f29-9fc6170edffe:train:0/weights/outputs_rl-leetcode_meta-llama_Llama-3.2-3B_100f_g_Medium_checkpoint_000003": {
        "avg_f": 0.0,
        "avg_g": 0.25892857142857145,
        "avg_g_minus_f": 0.25892857142857145
    },
    "tinker://2cca2f65-b566-5e48-9f29-9fc6170edffe:train:0/weights/outputs_rl-leetcode_meta-llama_Llama-3.2-3B_100f_g_Medium_checkpoint_000004": {
        "avg_f": 0.0,
        "avg_g": 0.16964285714285715,
        "avg_g_minus_f": 0.16964285714285715
    },
    "tinker://2cca2f65-b566-5e48-9f29-9fc6170edffe:train:0/weights/outputs_rl-leetcode_meta-llama_Llama-3.2-3B_100f_g_Medium_checkpoint_000005": {
        "avg_f": 0.0,
        "avg_g": 0.25,
        "avg_g_minus_f": 0.25
    },
    "tinker://2cca2f65-b566-5e48-9f29-9fc6170edffe:train:0/weights/outputs_rl-leetcode_meta-llama_Llama-3.2-3B_100f_g_Medium_checkpoint_000006": {
        "avg_f": 0.0,
        "avg_g": 0.21428571428571427,
        "avg_g_minus_f": 0.21428571428571427
    },
    "tinker://2cca2f65-b566-5e48-9f29-9fc6170edffe:train:0/weights/outputs_rl-leetcode_meta-llama_Llama-3.2-3B_100f_g_Medium_checkpoint_000007": {
        "avg_f": 0.0,
        "avg_g": 0.23214285714285715,
        "avg_g_minus_f": 0.23214285714285715
    },
    "tinker://2cca2f65-b566-5e48-9f29-9fc6170edffe:train:0/weights/outputs_rl-leetcode_meta-llama_Llama-3.2-3B_100f_g_Medium_checkpoint_000008": {
        "avg_f": 0.0,
        "avg_g": 0.21428571428571427,
        "avg_g_minus_f": 0.21428571428571427
    },
    "tinker://2cca2f65-b566-5e48-9f29-9fc6170edffe:train:0/weights/outputs_rl-leetcode_meta-llama_Llama-3.2-3B_100f_g_Medium_checkpoint_000009": {
        "avg_f": 0.0,
        "avg_g": 0.21428571428571427,
        "avg_g_minus_f": 0.21428571428571427
    },
    "tinker://2cca2f65-b566-5e48-9f29-9fc6170edffe:train:0/weights/outputs_rl-leetcode_meta-llama_Llama-3.2-3B_100f_g_Medium_checkpoint_000010": {
        "avg_f": 0.0,
        "avg_g": 0.20535714285714285,
        "avg_g_minus_f": 0.20535714285714285
    },
    "tinker://2cca2f65-b566-5e48-9f29-9fc6170edffe:train:0/weights/outputs_rl-leetcode_meta-llama_Llama-3.2-3B_100f_g_Medium_checkpoint_000011": {
        "avg_f": 0.0,
        "avg_g": 0.22321428571428573,
        "avg_g_minus_f": 0.22321428571428573
    },
    "tinker://2cca2f65-b566-5e48-9f29-9fc6170edffe:train:0/weights/outputs_rl-leetcode_meta-llama_Llama-3.2-3B_100f_g_Medium_checkpoint_000012": {
        "avg_f": 0.0,
        "avg_g": 0.2767857142857143,
        "avg_g_minus_f": 0.2767857142857143
    },
    "tinker://2cca2f65-b566-5e48-9f29-9fc6170edffe:train:0/weights/outputs_rl-leetcode_meta-llama_Llama-3.2-3B_100f_g_Medium_checkpoint_000013": {
        "avg_f": 0.0,
        "avg_g": 0.23214285714285715,
        "avg_g_minus_f": 0.23214285714285715
    },
    "tinker://2cca2f65-b566-5e48-9f29-9fc6170edffe:train:0/weights/outputs_rl-leetcode_meta-llama_Llama-3.2-3B_100f_g_Medium_checkpoint_000014": {
        "avg_f": 0.0,
        "avg_g": 0.19642857142857142,
        "avg_g_minus_f": 0.19642857142857142
    },
    "tinker://2cca2f65-b566-5e48-9f29-9fc6170edffe:train:0/weights/outputs_rl-leetcode_meta-llama_Llama-3.2-3B_100f_g_Medium_checkpoint_000015": {
        "avg_f": 0.0,
        "avg_g": 0.3392857142857143,
        "avg_g_minus_f": 0.3392857142857143
    },
    "tinker://2cca2f65-b566-5e48-9f29-9fc6170edffe:train:0/weights/outputs_rl-leetcode_meta-llama_Llama-3.2-3B_100f_g_Medium_checkpoint_000016": {
        "avg_f": 0.0,
        "avg_g": 0.26785714285714285,
        "avg_g_minus_f": 0.26785714285714285
    },
    "tinker://2cca2f65-b566-5e48-9f29-9fc6170edffe:train:0/weights/outputs_rl-leetcode_meta-llama_Llama-3.2-3B_100f_g_Medium_checkpoint_000017": {
        "avg_f": 0.0,
        "avg_g": 0.41964285714285715,
        "avg_g_minus_f": 0.41964285714285715
    },
    "tinker://2cca2f65-b566-5e48-9f29-9fc6170edffe:train:0/weights/outputs_rl-leetcode_meta-llama_Llama-3.2-3B_100f_g_Medium_checkpoint_000018": {
        "avg_f": 0.0,
        "avg_g": 0.30357142857142855,
        "avg_g_minus_f": 0.30357142857142855
    },
    "tinker://2cca2f65-b566-5e48-9f29-9fc6170edffe:train:0/weights/outputs_rl-leetcode_meta-llama_Llama-3.2-3B_100f_g_Medium_checkpoint_000019": {
        "avg_f": 0.0,
        "avg_g": 0.32142857142857145,
        "avg_g_minus_f": 0.32142857142857145
    },
    "tinker://2cca2f65-b566-5e48-9f29-9fc6170edffe:train:0/weights/outputs_rl-leetcode_meta-llama_Llama-3.2-3B_100f_g_Medium_checkpoint_000020": {
        "avg_f": 0.0,
        "avg_g": 0.24107142857142858,
        "avg_g_minus_f": 0.24107142857142858
    },
    "tinker://2cca2f65-b566-5e48-9f29-9fc6170edffe:train:0/weights/outputs_rl-leetcode_meta-llama_Llama-3.2-3B_100f_g_Medium_checkpoint_000021": {
        "avg_f": 0.0,
        "avg_g": 0.23214285714285715,
        "avg_g_minus_f": 0.23214285714285715
    },
    "tinker://2cca2f65-b566-5e48-9f29-9fc6170edffe:train:0/weights/outputs_rl-leetcode_meta-llama_Llama-3.2-3B_100f_g_Medium_checkpoint_000022": {
        "avg_f": 0.005357142857142857,
        "avg_g": 0.32142857142857145,
        "avg_g_minus_f": 0.31607142857142856
    },
    "tinker://2cca2f65-b566-5e48-9f29-9fc6170edffe:train:0/weights/outputs_rl-leetcode_meta-llama_Llama-3.2-3B_100f_g_Medium_checkpoint_000023": {
        "avg_f": 0.0,
        "avg_g": 0.3482142857142857,
        "avg_g_minus_f": 0.3482142857142857
    },
    "tinker://2cca2f65-b566-5e48-9f29-9fc6170edffe:train:0/weights/outputs_rl-leetcode_meta-llama_Llama-3.2-3B_100f_g_Medium_checkpoint_000024": {
        "avg_f": 0.0,
        "avg_g": 0.32142857142857145,
        "avg_g_minus_f": 0.32142857142857145
    },
    "tinker://2cca2f65-b566-5e48-9f29-9fc6170edffe:train:0/weights/outputs_rl-leetcode_meta-llama_Llama-3.2-3B_100f_g_Medium_checkpoint_000025": {
        "avg_f": 0.0,
        "avg_g": 0.39285714285714285,
        "avg_g_minus_f": 0.39285714285714285
    },
    "tinker://2cca2f65-b566-5e48-9f29-9fc6170edffe:train:0/weights/outputs_rl-leetcode_meta-llama_Llama-3.2-3B_100f_g_Medium_checkpoint_000026": {
        "avg_f": 0.0,
        "avg_g": 0.3392857142857143,
        "avg_g_minus_f": 0.3392857142857143
    },
    "tinker://2cca2f65-b566-5e48-9f29-9fc6170edffe:train:0/weights/outputs_rl-leetcode_meta-llama_Llama-3.2-3B_100f_g_Medium_checkpoint_000027": {
        "avg_f": 0.0,
        "avg_g": 0.32142857142857145,
        "avg_g_minus_f": 0.32142857142857145
    },
    "tinker://2cca2f65-b566-5e48-9f29-9fc6170edffe:train:0/weights/outputs_rl-leetcode_meta-llama_Llama-3.2-3B_100f_g_Medium_checkpoint_000028": {
        "avg_f": 0.0,
        "avg_g": 0.35714285714285715,
        "avg_g_minus_f": 0.35714285714285715
    },
    "tinker://2cca2f65-b566-5e48-9f29-9fc6170edffe:train:0/weights/outputs_rl-leetcode_meta-llama_Llama-3.2-3B_100f_g_Medium_checkpoint_000029": {
        "avg_f": 0.0,
        "avg_g": 0.39285714285714285,
        "avg_g_minus_f": 0.39285714285714285
    },
    "tinker://2cca2f65-b566-5e48-9f29-9fc6170edffe:train:0/weights/outputs_rl-leetcode_meta-llama_Llama-3.2-3B_100f_g_Medium_checkpoint_000030": {
        "avg_f": 0.0,
        "avg_g": 0.375,
        "avg_g_minus_f": 0.375
    },