{
    "avg_f": 0.0,
    "avg_g": 0.21428571428571427,
    "avg_g_minus_f": 0.21428571428571427
}