{
    "baseline": {
        "avg_f": 0.0,
        "avg_g": 0.14583333333333334,
        "avg_g_minus_f": 0.14583333333333334
    },
    "tinker://053da063-4933-5cc2-bdce-0c17158962f6:train:0/weights/outputs_rl-leetcode_meta-llama_Llama-3.2-3B_f_g_Easy_checkpoint_000001": {
        "avg_f": 0.0,
        "avg_g": 0.19791666666666666,
        "avg_g_minus_f": 0.19791666666666666
    },
    "tinker://053da063-4933-5cc2-bdce-0c17158962f6:train:0/weights/outputs_rl-leetcode_meta-llama_Llama-3.2-3B_f_g_Easy_checkpoint_000002": {
        "avg_f": 0.0,
        "avg_g": 0.25,
        "avg_g_minus_f": 0.25
    },
    "tinker://053da063-4933-5cc2-bdce-0c17158962f6:train:0/weights/outputs_rl-leetcode_meta-llama_Llama-3.2-3B_f_g_Easy_checkpoint_000003": {
        "avg_f": 0.0031249999999999997,
        "avg_g": 0.1875,
        "avg_g_minus_f": 0.18437499999999998
    },
    "tinker://053da063-4933-5cc2-bdce-0c17158962f6:train:0/weights/outputs_rl-leetcode_meta-llama_Llama-3.2-3B_f_g_Easy_checkpoint_000004": {
        "avg_f": 0.0031249999999999997,
        "avg_g": 0.125,
        "avg_g_minus_f": 0.121875
    },
    "tinker://053da063-4933-5cc2-bdce-0c17158962f6:train:0/weights/outputs_rl-leetcode_meta-llama_Llama-3.2-3B_f_g_Easy_checkpoint_000005": {
        "avg_f": 0.007291666666666666,
        "avg_g": 0.28125,
        "avg_g_minus_f": 0.27395833333333336
    },
    "tinker://053da063-4933-5cc2-bdce-0c17158962f6:train:0/weights/outputs_rl-leetcode_meta-llama_Llama-3.2-3B_f_g_Easy_checkpoint_000006": {
        "avg_f": 0.004166666666666667,
        "avg_g": 0.23958333333333334,
        "avg_g_minus_f": 0.2354166666666667
    },
    "tinker://053da063-4933-5cc2-bdce-0c17158962f6:train:0/weights/outputs_rl-leetcode_meta-llama_Llama-3.2-3B_f_g_Easy_checkpoint_000007": {
        "avg_f": 0.0,
        "avg_g": 0.1875,
        "avg_g_minus_f": 0.1875
    },
    "tinker://053da063-4933-5cc2-bdce-0c17158962f6:train:0/weights/outputs_rl-leetcode_meta-llama_Llama-3.2-3B_f_g_Easy_checkpoint_000008": {
        "avg_f": 0.0,
        "avg_g": 0.15625,
        "avg_g_minus_f": 0.15625
    },
    "tinker://053da063-4933-5cc2-bdce-0c17158962f6:train:0/weights/outputs_rl-leetcode_meta-llama_Llama-3.2-3B_f_g_Easy_checkpoint_000009": {
        "avg_f": 0.0031249999999999997,
        "avg_g": 0.21875,
        "avg_g_minus_f": 0.21562499999999998
    },
    "tinker://053da063-4933-5cc2-bdce-0c17158962f6:train:0/weights/outputs_rl-leetcode_meta-llama_Llama-3.2-3B_f_g_Easy_checkpoint_000010": {
        "avg_f": 0.0,
        "avg_g": 0.3125,
        "avg_g_minus_f": 0.3125
    },
    "tinker://053da063-4933-5cc2-bdce-0c17158962f6:train:0/weights/outputs_rl-leetcode_meta-llama_Llama-3.2-3B_f_g_Easy_checkpoint_000011": {
        "avg_f": 0.0,
        "avg_g": 0.23958333333333334,
        "avg_g_minus_f": 0.23958333333333334
    },
    "tinker://053da063-4933-5cc2-bdce-0c17158962f6:train:0/weights/outputs_rl-leetcode_meta-llama_Llama-3.2-3B_f_g_Easy_checkpoint_000012": {
        "avg_f": 0.0,
        "avg_g": 0.1875,
        "avg_g_minus_f": 0.1875
    },
    "tinker://053da063-4933-5cc2-bdce-0c17158962f6:train:0/weights/outputs_rl-leetcode_meta-llama_Llama-3.2-3B_f_g_Easy_checkpoint_000013": {
        "avg_f": 0.0,
        "avg_g": 0.19791666666666666,
        "avg_g_minus_f": 0.19791666666666666
    },
    "tinker://053da063-4933-5cc2-bdce-0c17158962f6:train:0/weights/outputs_rl-leetcode_meta-llama_Llama-3.2-3B_f_g_Easy_checkpoint_000014": {
        "avg_f": 0.0,
        "avg_g": 0.15625,
        "avg_g_minus_f": 0.15625
    },
    "tinker://053da063-4933-5cc2-bdce-0c17158962f6:train:0/weights/outputs_rl-leetcode_meta-llama_Llama-3.2-3B_f_g_Easy_checkpoint_000015": {
        "avg_f": 0.0,
        "avg_g": 0.22916666666666666,
        "avg_g_minus_f": 0.22916666666666666
    },
    "tinker://053da063-4933-5cc2-bdce-0c17158962f6:train:0/weights/outputs_rl-leetcode_meta-llama_Llama-3.2-3B_f_g_Easy_checkpoint_000016": {
        "avg_f": 0.0031249999999999997,
        "avg_g": 0.19791666666666666,
        "avg_g_minus_f": 0.19479166666666667
    },
    "tinker://053da063-4933-5cc2-bdce-0c17158962f6:train:0/weights/outputs_rl-leetcode_meta-llama_Llama-3.2-3B_f_g_Easy_checkpoint_000017": {
        "avg_f": 0.0,
        "avg_g": 0.15625,
        "avg_g_minus_f": 0.15625
    },
    "tinker://053da063-4933-5cc2-bdce-0c17158962f6:train:0/weights/outputs_rl-leetcode_meta-llama_Llama-3.2-3B_f_g_Easy_checkpoint_000018": {
        "avg_f": 0.0031249999999999997,
        "avg_g": 0.16666666666666666,
        "avg_g_minus_f": 0.16354166666666667
    },
    "tinker://053da063-4933-5cc2-bdce-0c17158962f6:train:0/weights/outputs_rl-leetcode_meta-llama_Llama-3.2-3B_f_g_Easy_checkpoint_000019": {
        "avg_f": 0.0,
        "avg_g": 0.17708333333333334,
        "avg_g_minus_f": 0.17708333333333334
    },
    "tinker://053da063-4933-5cc2-bdce-0c17158962f6:train:0/weights/outputs_rl-leetcode_meta-llama_Llama-3.2-3B_f_g_Easy_checkpoint_000020": {
        "avg_f": 0.0031249999999999997,
        "avg_g": 0.19791666666666666,
        "avg_g_minus_f": 0.19479166666666667
    },
    "tinker://053da063-4933-5cc2-bdce-0c17158962f6:train:0/weights/outputs_rl-leetcode_meta-llama_Llama-3.2-3B_f_g_Easy_checkpoint_000021": {
        "avg_f": 0.0,
        "avg_g": 0.25,
        "avg_g_minus_f": 0.25
    },
    "tinker://053da063-4933-5cc2-bdce-0c17158962f6:train:0/weights/outputs_rl-leetcode_meta-llama_Llama-3.2-3B_f_g_Easy_checkpoint_000022": {
        "avg_f": 0.0,
        "avg_g": 0.13541666666666666,
        "avg_g_minus_f": 0.13541666666666666
    },
    "tinker://053da063-4933-5cc2-bdce-0c17158962f6:train:0/weights/outputs_rl-leetcode_meta-llama_Llama-3.2-3B_f_g_Easy_checkpoint_000023": {
        "avg_f": 0.0031249999999999997,
        "avg_g": 0.20833333333333334,
        "avg_g_minus_f": 0.20520833333333333
    },
    "tinker://053da063-4933-5cc2-bdce-0c17158962f6:train:0/weights/outputs_rl-leetcode_meta-llama_Llama-3.2-3B_f_g_Easy_checkpoint_000024": {
        "avg_f": 0.0,
        "avg_g": 0.17708333333333334,
        "avg_g_minus_f": 0.17708333333333334
    },
    "tinker://053da063-4933-5cc2-bdce-0c17158962f6:train:0/weights/outputs_rl-leetcode_meta-llama_Llama-3.2-3B_f_g_Easy_checkpoint_000025": {
        "avg_f": 0.0,
        "avg_g": 0.1875,
        "avg_g_minus_f": 0.1875
    },
    "tinker://053da063-4933-5cc2-bdce-0c17158962f6:train:0/weights/outputs_rl-leetcode_meta-llama_Llama-3.2-3B_f_g_Easy_checkpoint_000026": {
        "avg_f": 0.0,
        "avg_g": 0.125,
        "avg_g_minus_f": 0.125
    },
    "tinker://053da063-4933-5cc2-bdce-0c17158962f6:train:0/weights/outputs_rl-leetcode_meta-llama_Llama-3.2-3B_f_g_Easy_checkpoint_000027": {
        "avg_f": 0.0,
        "avg_g": 0.1875,
        "avg_g_minus_f": 0.1875
    },
    "tinker://053da063-4933-5cc2-bdce-0c17158962f6:train:0/weights/outputs_rl-leetcode_meta-llama_Llama-3.2-3B_f_g_Easy_checkpoint_000028": {
        "avg_f": 0.0031249999999999997,
        "avg_g": 0.20833333333333334,
        "avg_g_minus_f": 0.20520833333333333
    },
    "tinker://053da063-4933-5cc2-bdce-0c17158962f6:train:0/weights/outputs_rl-leetcode_meta-llama_Llama-3.2-3B_f_g_Easy_checkpoint_000029": {
        "avg_f": 0.0,
        "avg_g": 0.1875,
        "avg_g_minus_f": 0.1875
    },
    "tinker://053da063-4933-5cc2-bdce-0c17158962f6:train:0/weights/outputs_rl-leetcode_meta-llama_Llama-3.2-3B_f_g_Easy_checkpoint_000030": {
        "avg_f": 0.0,
        "avg_g": 0.16666666666666666,
        "avg_g_minus_f": 0.16666666666666666
    },
    "tinker://053da063-4933-5cc2-bdce-0c17158962f6:train:0/weights/outputs_rl-leetcode_meta-llama_Llama-3.2-3B_f_g_Easy_checkpoint_000031": {
        "avg_f": 0.0,
        "avg_g": 0.15625,
        "avg_g_minus_f": 0.15625
    },
    "tinker://053da063-4933-5cc2-bdce-0c17158962f6:train:0/weights/outputs_rl-leetcode_meta-llama_Llama-3.2-3B_f_g_Easy_checkpoint_000032": {
        "avg_f": 0.0,
        "avg_g": 0.25,