{
    "avg_f": 0.0,
    "avg_g": 0.14583333333333334,
    "avg_g_minus_f": 0.14583333333333334
}